identified_name,identified_rank,difference,accepted_name,accepted_rank,early_interval,late_interval,max_ma,min_ma
Lycorhinus n. sp. consors,species,recombined as,Abrictosaurus_consors,species,Hettangian,Sinemurian,201.3,190.8
n. gen. Acantholipan n. sp. gonzalezi,species,,Acantholipan_gonzalezi,species,Santonian,,86.3,83.6
Acanthopholis n. sp. macrocercus,species,,Acanthopholis_macrocercus,species,Early Cenomanian,,99.6,93.5
n. gen. Achelousaurus n. sp. horneri,species,,Achelousaurus_horneri,species,Late Campanian,,83.5,70.6
Acristavus gagslarsoni,species,,Acristavus_gagslarsoni,species,Early Campanian,Middle Campanian,83.5,70.6
n. gen. Acrotholus n. sp. audeti,species,,Acrotholus_audeti,species,Late Santonian,,85.8,83.5
n. gen. Adelolophus n. sp. hutchisoni,species,,Adelolophus_hutchisoni,species,Early Campanian,Middle Campanian,83.5,70.6
n. gen. Agilisaurus n. sp. louderbacki,species,,Agilisaurus_louderbacki,species,Bajocian,Callovian,170.3,163.5
Chasmosaurus mariscalensis,species,recombined as,Agujaceratops_mariscalensis,species,Late Campanian,,83.5,70.6
n. gen. Ahshislepelta n. sp. minor,species,,Ahshislepelta_minor,species,Late Campanian,,83.5,70.6
n. gen. Ajkaceratops n. sp. kozmai,species,,Ajkaceratops_kozmai,species,Santonian,,86.3,83.6
n. gen. Akainacephalus n. sp. johnsoni,species,,Akainacephalus_johnsoni,species,Late Campanian,,83.5,70.6
n. gen. Alaskacephale n. sp. gangloffi,species,,Alaskacephale_gangloffi,species,Late Campanian,,83.5,70.6
n. gen. Albalophosaurus n. sp. yamaguchiorum,species,,Albalophosaurus_yamaguchiorum,species,Valanginian,,139.8,132.9
n. gen. Albertaceratops n. sp. nesmoi,species,,Albertaceratops_nesmoi,species,Middle Campanian,,83.5,70.6
n. gen. Albertadromeus n. sp. syntarsus,species,,Albertadromeus_syntarsus,species,Campanian,,83.6,72.1
Alcovasaurus ? longispinus,species,,Alcovasaurus_longispinus,species,Kimmeridgian,,157.3,152.1
n. gen. Aletopelta n. sp. coombsi,species,,Aletopelta_coombsi,species,Late Campanian,,83.5,70.6
n. gen. Altirhinus n. sp. kurzanovi,species,,Altirhinus_kurzanovi,species,Middle Albian,Late Albian,109,99.6
Amblydactylus gethingi,species,,Amblydactylus_gethingi,species,Aptian,,125,113
Amblydactylus cf. kortmeyeri,species,,Amblydactylus_kortmeyeri,species,Valanginian,Barremian,139.8,125
Amtocephale gobiensis,species,,Amtocephale_gobiensis,species,Cenomanian,Turonian,100.5,89.8
n. gen. Amtosaurus n. sp. magnus,species,,Amtosaurus_magnus,species,Cenomanian,Turonian,100.5,89.8
n. gen. Amurosaurus n. sp. riabinini,species,,Amurosaurus_riabinini,species,Late Maastrichtian,,70.6,66
Anabisetia saldiviai,species,,Anabisetia_saldiviai,species,Middle Turonian,Late Turonian,93.5,89.3
n. gen. Anasazisaurus n. sp. horneri,species,,Anasazisaurus_horneri,species,Late Campanian,,83.5,70.6
Anatosaurus n. sp. copei,species,recombined as,Anatotitan_copei,species,Maastrichtian,,72.1,66
Anchiceratops n. sp. longirostris,species,subjective synonym of,Anchiceratops_ornatus,species,Maastrichtian,,72.1,66
n. gen. Angulomastacator n. sp. daviesi,species,,Angulomastacator_daviesi,species,Middle Campanian,,83.5,70.6
n. gen. Animantarx n. sp. ramaljonesi,species,,Animantarx_ramaljonesi,species,Late Albian,,105.3,99.6
n. gen. Ankylosaurus n. sp. magniventris,species,,Ankylosaurus_magniventris,species,Maastrichtian,,72.1,66
Anodontosaurus inceptus,species,,Anodontosaurus_inceptus,species,Late Campanian,Early Maastrichtian,83.5,66
Anodontosaurus lambei,species,,Anodontosaurus_lambei,species,Early Maastrichtian,,70.6,66
Masitisisauropodiscus n. sp. fringilla,species,recombined as,Anomoepus_fringilla,species,Hettangian,Sinemurian,201.3,190.8
Masitisisauropezus n. sp. minutus,species,recombined as,Anomoepus_minutus,species,Hettangian,Sinemurian,201.3,190.8
Trisauropodiscus n. sp. moabensis,species,recombined as,Anomoepus_moabensis,species,Pliensbachian,Toarcian,190.8,174.1
Moyenisauropus n. sp. palmipes,species,recombined as,Anomoepus_palmipes,species,Hettangian,Sinemurian,201.3,190.8
Anomoepus n. sp. pienkovskii,species,,Anomoepus_pienkovskii,species,Late Hettangian,,201.3,196.5
Anomoepus crassus,species,subjective synonym of,Anomoepus_scambus,species,Hettangian,Sinemurian,201.3,190.8
n. gen. Hopiichnus n. sp. shingi,species,recombined as,Anomoepus_shingi,species,Sinemurian,Pliensbachian,199.3,182.7
n. gen. Shensipus n. sp. tungchuanensis,species,recombined as,Anomoepus_tungchuanensis,species,Middle Jurassic,,174.1,163.5
n. gen. Masitisisauropodiscus n. sp. turdus,species,recombined as,Anomoepus_turda,species,Hettangian,Sinemurian,201.3,190.8
n. gen. Anoplosaurus n. sp. curtonotus,species,,Anoplosaurus_curtonotus,species,Early Cenomanian,,99.6,93.5
n. gen. Antarctopelta n. sp. oliveroi,species,,Antarctopelta_oliveroi,species,Late Campanian,,83.5,70.6
n. gen. Apulosauripus n. sp. federicianus,species,,Apulosauripus_federicianus,species,Early Santonian,,85.8,83.5
n. gen. Aquilops n. sp. americanus,species,,Aquilops_americanus,species,Middle Albian,Late Albian,109,99.6
n. gen. Aralosaurus n. sp. tuberiferus,species,,Aralosaurus_tuberiferus,species,Santonian,Early Campanian,86.3,70.6
n. gen. Archaeoceratops n. sp. oshimai,species,,Archaeoceratops_oshimai,species,Barremian,Aptian,129.4,113
n. gen. Archaeoceratops n. sp. oshimai,species,,Archaeoceratops_oshimai,species,Barremian,Aptian,129.4,113
Archaeoceratops n. sp. yujingziensis,species,,Archaeoceratops_yujingziensis,species,Aptian,Albian,125,100.5
n. gen. Arenysaurus n. sp. ardevoli,species,,Arenysaurus_ardevoli,species,Late Maastrichtian,,70.6,66
n. gen. Arrhinoceratops n. sp. brachyops,species,,Arrhinoceratops_brachyops,species,Late Campanian,Early Maastrichtian,83.5,66
Asiaceratops salsopaludalis,species,,Asiaceratops_salsopaludalis,species,Early Cenomanian,,99.6,93.5
Saurolophus morrisi,species,recombined as,Augustynolophus_morrisi,species,Late Maastrichtian,,70.6,66
n. gen. Auroraceratops n. sp. rugosus,species,,Auroraceratops_rugosus,species,Barremian,Albian,129.4,100.5
n. gen. Avaceratops n. sp. lammersi,species,,Avaceratops_lammersi,species,Middle Campanian,Late Campanian,83.5,70.6
Bactrosaurus johnsoni,species,,Bactrosaurus_johnsoni,species,Middle Campanian,Late Campanian,83.5,70.6
n. gen. Bagaceratops n. sp. rozhdestvenskyi,species,,Bagaceratops_rozhdestvenskyi,species,Middle Campanian,,83.5,70.6
Iguanodon n. sp. dawsoni,species,recombined as,Barilium_dawsoni,species,Late Valanginian,,140.2,136.4
n. gen. Barsboldia n. sp. sicinskii,species,,Barsboldia_sicinskii,species,Campanian,Maastrichtian,83.6,66
n. gen. Batryosaurus n. sp. rozhdestvenskyi,species,obsolete variant of,Batyrosaurus_rozhdestvenskyi,species,Santonian,Early Campanian,86.3,70.6
n. gen. Bayannurosaurus n. sp. perfectus,species,,Bayannurosaurus_perfectus,species,Early Aptian,,125.45,122.46
Amtosaurus n. sp. archibaldi,species,recombined as,Bissektipelta_archibaldi,species,Middle Turonian,Late Turonian,93.5,89.3
n. gen. Blasisaurus n. sp. canudoi,species,,Blasisaurus_canudoi,species,Late Maastrichtian,,70.6,66
n. gen. Bolong n. sp. yixianensis,species,,Bolong_yixianensis,species,Late Barremian,Early Aptian,130,122.46
n. gen. Bonaparteichnium n. sp. tali,species,,Bonaparteichnium_tali,species,Early Cenomanian,,99.6,93.5
n. gen. Bonapartesaurus n. sp. rionegrensis,species,,Bonapartesaurus_rionegrensis,species,Late Campanian,Early Maastrichtian,83.5,66
n. gen. Borealopelta n. sp. markmitchelli,species,,Borealopelta_markmitchelli,species,Aptian,,125,113
Brachylophosaurus n. sp. goodwini,species,subjective synonym of,Brachylophosaurus_canadensis,species,Middle Campanian,,83.5,70.6
n. gen. Bravoceratops n. sp. polyphemus,species,,Bravoceratops_polyphemus,species,Late Campanian,Early Maastrichtian,83.5,66
n. gen. Burianosaurus n. sp. augustai,species,,Burianosaurus_augustai,species,Late Cenomanian,,99.6,93.5
Camptosaurus n. sp. leedsi,species,recombined as,Callovosaurus_leedsi,species,Middle Callovian,,164.7,161.2
n. gen. Camptosaurichnus n. sp. fasolae,species,,Camptosaurichnus_fasolae,species,Tithonian,,152.1,145
Camptonotus n. sp. dispar,species,recombined as,Camptosaurus_dispar,species,Kimmeridgian,Tithonian,157.3,145
n. gen. Canardia n. sp. garonnensis,species,,Canardia_garonnensis,species,Late Maastrichtian,,70.6,66
Caririchnium leonardii,species,,Caririchnium_leonardii,species,Albian,,113,100.5
Caririchnium magnificum,species,,Caririchnium_magnificum,species,Early Cretaceous,,145,100.5
Caririchnium n. sp. protohadrosaurichnos,species,,Caririchnium_protohadrosaurichnos,species,Early Cenomanian,Middle Cenomanian,99.6,93.5
n. gen. Cedarpelta n. sp. bilbeyhallorum,species,,Cedarpelta_bilbeyhallorum,species,Aptian,Albian,125,100.5
n. gen. Cedrorestes n. sp. crichtoni,species,,Cedrorestes_crichtoni,species,Late Barremian,,130,125.45
Centrosaurus apertus,species,,Centrosaurus_apertus,species,Late Campanian,,83.5,70.6
Cerasinops hodgskissi,species,,Cerasinops_hodgskissi,species,Campanian,,83.6,72.1
n. gen. Changchunsaurus n. sp. parvus,species,,Changchunsaurus_parvus,species,Aptian,Cenomanian,125,93.9
n. gen. Changdusaurus n. sp. laminaplacodus,species,,Changdusaurus_laminaplacodus,species,Middle Jurassic,,174.1,163.5
n. gen. Chaoyangosaurus n. sp. liaosiensis,species,replaced by,Chaoyangsaurus_youngi,species,Late Tithonian,Valanginian,150.8,132.9
n. gen. Charonosaurus n. sp. jiayinensis,species,,Charonosaurus_jiayinensis,species,Late Maastrichtian,,70.6,66
Chasmosaurus belli,species,,Chasmosaurus_belli,species,Late Campanian,,83.5,70.6
Chasmosaurus russelli,species,,Chasmosaurus_russelli,species,Late Campanian,,83.5,70.6
n. gen. Chuanqilong n. sp. chaoyangensis,species,,Chuanqilong_chaoyangensis,species,Aptian,,125,113
n. gen. Chungkingosaurus n. sp. jiangbeiensis,species,,Chungkingosaurus_jiangbeiensis,species,Oxfordian,,163.5,157.3
Hadrosaurus n. sp. agilis,species,recombined as,Claosaurus_agilis,species,Late Coniacian,Early Campanian,89.3,70.6
n. gen. Coahuilaceratops n. sp. magnacuerna,species,,Coahuilaceratops_magnacuerna,species,Late Campanian,,83.5,70.6
Colepiocephale lambei,species,,Colepiocephale_lambei,species,Middle Campanian,,83.5,70.6
n. gen. Convolosaurus n. sp. marri,species,,Convolosaurus_marri,species,Aptian,,125,113
Centrosaurus n. sp. brinkmani,species,recombined as,Coronosaurus_brinkmani,species,Late Campanian,,83.5,70.6
Corvipes lacertoideus,species,,Corvipes_lacertoideus,species,Hettangian,Sinemurian,201.3,190.8
Corythosaurus n. sp. bicristatus,species,subjective synonym of,Corythosaurus_casuarius,species,Late Campanian,,83.5,70.6
Stephanosaurus n. sp. intermedius,species,recombined as,Corythosaurus_intermedius,species,Late Campanian,,83.5,70.6
n. gen. Craspedodon n. sp. lonzeensis,species,,Craspedodon_lonzeensis,species,Santonian,Early Campanian,86.3,70.6
Crichtonsaurus n. sp. benxiensis,species,,Crichtonsaurus_benxiensis,species,Cenomanian,Turonian,100.5,89.8
n. gen. Crichtonsaurus n. sp. bohlini,species,,Crichtonsaurus_bohlini,species,Cenomanian,Turonian,100.5,89.8
n. gen. Crittendenceratops n. sp. krzyzanowskii,species,,Crittendenceratops_krzyzanowskii,species,Late Campanian,,83.5,70.6
Iguanodon n. sp. prestwichii,species,recombined as,Cumnoria_prestwichii,species,Late Kimmeridgian,,155.7,150.8
Omosaurus n. sp. lennieri,species,subjective synonym of,Dacentrurus_armatus,species,Late Kimmeridgian,,155.7,150.8
Iguanodon n. sp. lakotaensis,species,recombined as,Dakotadon_lakotaensis,species,Valanginian,,139.8,132.9
n. gen. Dakotasaurus n. sp. browni,species,,Dakotasaurus_browni,species,Albian,Cenomanian,113,93.9
n. gen. Datonglong n. sp. tianzhenensis,species,,Datonglong_tianzhenensis,species,Cenomanian,Campanian,100.5,72.1
n. gen. Daurosaurus n. sp. olovus,species,,Daurosaurus_olovus,species,Late Bathonian,Late Jurassic,167.7,145
n. gen. Delapparentia n. sp. turolensis,species,,Delapparentia_turolensis,species,Early Barremian,,130,125.45
n. gen. Delatorrichnus n. sp. goyenechei,species,,Delatorrichnus_goyenechei,species,Callovian,Oxfordian,166.1,157.3
Deltapodus brodricki,species,,Deltapodus_brodricki,species,Late Kimmeridgian,Early Tithonian,155.7,145
Deltapodus n. sp. curriei,species,,Deltapodus_curriei,species,Early Cretaceous,,145,100.5
Deltapodus n. sp. ibericus,species,,Deltapodus_ibericus,species,Kimmeridgian,Tithonian,157.3,145
n. gen. Diabloceratops n. sp. eatoni,species,,Diabloceratops_eatoni,species,Early Campanian,,83.5,70.6
n. gen. Diluvicursor n. sp. pickeringi,species,,Diluvicursor_pickeringi,species,Late Aptian,Early Albian,122.46,109
Dinehichnus socialis,species,,Dinehichnus_socialis,species,Kimmeridgian,,157.3,152.1
Dinosauropodes bransfordii,species,,Dinosauropodes_bransfordii,species,Campanian,,83.6,72.1
Dinosauropodes magrawii,species,,Dinosauropodes_magrawii,species,Campanian,,83.6,72.1
Dinosauropodes osborni,species,,Dinosauropodes_osborni,species,Campanian,,83.6,72.1
Dinosauropodes wilsoni,species,,Dinosauropodes_wilsoni,species,Campanian,,83.6,72.1
n. gen. Dongyangopelta n. sp. yangyanensis,species,,Dongyangopelta_yangyanensis,species,Albian,Cenomanian,113,93.9
Draconyx loureiroi,species,,Draconyx_loureiroi,species,Tithonian,,152.1,145
n. gen. Dracopelta n. sp. zbyszewskii,species,,Dracopelta_zbyszewskii,species,Late Tithonian,,150.8,145
Drinker nisti,species,,Drinker_nisti,species,Kimmeridgian,Tithonian,157.3,145
Dryosaurus n. sp. altus,species,,Dryosaurus_altus,species,Kimmeridgian,Tithonian,157.3,145
n. gen. Dyoplosaurus n. sp. acutosquameus,species,,Dyoplosaurus_acutosquameus,species,Late Campanian,,83.5,70.6
n. gen. Dysalotosaurus n. sp. lettowvorbecki,species,,Dysalotosaurus_lettowvorbecki,species,Late Kimmeridgian,,155.7,150.8
Echinodon becklesii,species,,Echinodon_becklesii,species,Middle Berriasian,,145,140.2
n. gen. Edmontonia n. sp. longiceps,species,,Edmontonia_longiceps,species,Early Maastrichtian,,70.6,66
Edmontonia cf. rugosidens,species,,Edmontonia_rugosidens,species,Lancian,,70.6,66
Edmontosaurus cf. annectens,species,,Edmontosaurus_annectens,species,Lancian,,70.6,66
Edmontosaurus cf. regalis,species,,Edmontosaurus_regalis,species,Campanian,Maastrichtian,83.6,66
Thespesius n. sp. saskatchewanensis,species,recombined as,Edmontosaurus_saskatchewanensis,species,Maastrichtian,,72.1,66
n. gen. Einiosaurus n. sp. procurvicornis,species,,Einiosaurus_procurvicornis,species,Campanian,,83.6,72.1
Valdosaurus nigeriensis,species,recombined as,Elrhazosaurus_nigeriensis,species,Aptian,,125,113
n. gen. Emausaurus n. sp. ernsti,species,,Emausaurus_ernsti,species,Tenuicostatum,,183,182
n. gen. Eocursor n. sp. parvus,species,,Eocursor_parvus,species,Hettangian,Sinemurian,201.3,190.8
n. gen. Eolambia n. sp. caroljonesa,species,,Eolambia_caroljonesa,species,Late Albian,,105.3,99.6
n. gen. Eotrachodon n. sp. orientalis,species,,Eotrachodon_orientalis,species,Late Santonian,,85.8,83.5
n. gen. Eotriceratops n. sp. xerinsularis,species,,Eotriceratops_xerinsularis,species,Late Maastrichtian,,70.6,66
n. gen. Equijubus n. sp. normani,species,,Equijubus_normani,species,Barremian,Aptian,129.4,113
Euoplocephalus tutus,species,,Euoplocephalus_tutus,species,Late Campanian,,83.5,70.6
n. gen. Europelta n. sp. carbonensis,species,,Europelta_carbonensis,species,Early Albian,,112.03,109
n. gen. Ferganocephale n. sp. adenticulatum,species,,Ferganocephale_adenticulatum,species,Callovian,,166.1,163.5
n. gen. Fruitadens n. sp. haagarorum,species,,Fruitadens_haagarorum,species,Early Tithonian,,150.8,145
n. gen. Fukuisaurus n. sp. tetoriensis,species,,Fukuisaurus_tetoriensis,species,Late Barremian,Aptian,130,113
Garbina roeorum,species,,Garbina_roeorum,species,Valanginian,Barremian,139.8,125
n. gen. Gargoyleosaurus n. sp. parkpini,species,corrected to,Gargoyleosaurus_parkpinorum,species,Kimmeridgian,,157.3,152.1
Gasparinisaura cincosaltensis,species,,Gasparinisaura_cincosaltensis,species,Early Campanian,Middle Campanian,83.5,70.6
Gastonia burgei,species,,Gastonia_burgei,species,Barremian,,129.4,125
n. gen. Gideonmantellia n. sp. amosanjuanae,species,,Gideonmantellia_amosanjuanae,species,Early Barremian,,130,125.45
n. gen. Gigantspinosaurus n. sp. sichuanensis,species,,Gigantspinosaurus_sichuanensis,species,Oxfordian,,163.5,157.3
Mandschurosaurus n. sp. mongoliensis,species,recombined as,Gilmoreosaurus_mongoliensis,species,Middle Campanian,Late Campanian,83.5,70.6
n. gen. Glyptodontopelta n. sp. mimus,species,,Glyptodontopelta_mimus,species,Late Maastrichtian,,70.6,66
n. gen. Gobiceratops n. sp. minutus,species,,Gobiceratops_minutus,species,Campanian,,83.6,72.1
n. gen. Gobisaurus n. sp. domoculus,species,,Gobisaurus_domoculus,species,Turonian,,93.9,89.8
Gongbusaurus n. sp. wucaiwanensis,species,,Gongbusaurus_wucaiwanensis,species,Callovian,Oxfordian,166.1,157.3
Probactrosaurus n. sp. mazongshanensis,species,recombined as,Gongpoquansaurus_mazongshanensis,species,Barremian,Aptian,129.4,113
n. gen. Goyocephale n. sp. lattimorei,species,,Goyocephale_lattimorei,species,Santonian,Maastrichtian,86.3,66
n. gen. Graciliceratops n. sp. mongoliensis,species,,Graciliceratops_mongoliensis,species,Cenomanian,Santonian,100.5,83.6
n. gen. Gravitholus n. sp. albertae,species,,Gravitholus_albertae,species,Middle Campanian,,83.5,70.6
n. gen. Gryphoceratops n. sp. morrisoni,species,,Gryphoceratops_morrisoni,species,Late Santonian,,85.8,83.5
Gryposaurus ? alsatei,species,,Gryposaurus_alsatei,species,Late Maastrichtian,,70.6,66
Gryposaurus latidens,species,,Gryposaurus_latidens,species,Late Santonian,Early Campanian,85.8,70.6
Gryposaurus n. sp. monumentensis,species,,Gryposaurus_monumentensis,species,Late Campanian,,83.5,70.6
Gryposaurus cf. notabilis,species,,Gryposaurus_notabilis,species,Late Campanian,,83.5,70.6
n. gen. Gypsichnites n. sp. pacensis,species,,Gypsichnites_pacensis,species,Albian,,113,100.5
cf. Hadrosauropodus langstoni,species,,Hadrosauropodus_langstoni,species,Late Maastrichtian,,70.6,66
Hadrosauropodus n. sp. nanxiongensis,species,,Hadrosauropodus_nanxiongensis,species,Maastrichtian,,72.1,66
n. gen. Ornithotarsus n. sp. immanis,species,subjective synonym of,Hadrosaurus_foulkii,species,Campanian,,83.6,72.1
Troodon n. sp. sternbergi,species,recombined as,Hanssuesia_sternbergi,species,Campanian,,83.6,72.1
n. gen. Haya n. sp. griva,species,,Haya_griva,species,Santonian,,86.3,83.6
n. gen. Helioceratops n. sp. brachygnathus,species,,Helioceratops_brachygnathus,species,Aptian,Cenomanian,125,93.9
Hesperosaurus mjosi,species,,Hesperosaurus_mjosi,species,Kimmeridgian,,157.3,152.1
n. gen. Heterodontosaurus n. sp. tucki,species,,Heterodontosaurus_tucki,species,Sinemurian,,199.3,190.8
Yandusaurus n. sp. multidens,species,recombined as,Hexinlusaurus_multidens,species,Bajocian,Callovian,170.3,163.5
n. gen. Hippodraco n. sp. scutodens,species,,Hippodraco_scutodens,species,Late Barremian,Early Aptian,130,122.46
Homalocephale calathocercos,species,,Homalocephale_calathocercos,species,Campanian,Maastrichtian,83.6,66
Stegosaurus n. sp. marshi,species,recombined as,Hoplitosaurus_marshi,species,Barremian,,129.4,125
n. gen. Hualianceratops n. sp. wucaiwanensis,species,,Hualianceratops_wucaiwanensis,species,Oxfordian,,163.5,157.3
n. gen. Huaxiaosaurus n. sp. aigahtens,species,,Huaxiaosaurus_aigahtens,species,Campanian,,83.6,72.1
n. gen. Huayangosaurus n. sp. taibaii,species,,Huayangosaurus_taibaii,species,Bajocian,Callovian,170.3,163.5
Huehuecanauhtlus tiquichensis,species,,Huehuecanauhtlus_tiquichensis,species,Santonian,,86.3,83.6
n. gen. Hungarosaurus n. sp. tormai,species,,Hungarosaurus_tormai,species,Santonian,,86.3,83.6
Hylaeosaurus oweni,species,subjective synonym of,Hylaeosaurus_armatus,species,Late Hauterivian,Early Aptian,136.4,122.46
Hypacrosaurus altispinus,species,,Hypacrosaurus_altispinus,species,Maastrichtian,,72.1,66
Hypacrosaurus cf. stebingeri,species,,Hypacrosaurus_stebingeri,species,Late Santonian,Early Campanian,85.8,70.6
Hypselospinus cf. fittoni,species,,Hypselospinus_fittoni,species,Early Valanginian,,140.2,136.4
Hypsiloichnus marylandicus,species,,Hypsiloichnus_marylandicus,species,Aptian,,125,113
n. gen. Iguanacolossus n. sp. fortis,species,,Iguanacolossus_fortis,species,Early Barremian,,130,125.45
Iguanodon bernissartensis,species,,Iguanodon_bernissartensis,species,Early Aptian,,125.45,122.46
Iguanodon galvensis,species,,Iguanodon_galvensis,species,Early Barremian,,130,125.45
Iguanodon major,species,,Iguanodon_major,species,Late Hauterivian,Late Barremian,136.4,125.45
Iguanodon cf. mantelli,species,,Iguanodon_mantelli,species,Late Hauterivian,Early Barremian,136.4,125.45
n. gen. Invictarx n. sp. zephyri,species,,Invictarx_zephyri,species,Campanian,,83.6,72.1
n. gen. Isaberrysaura n. sp. mollensis,species,,Isaberrysaura_mollensis,species,Early Bajocian,,171.6,168.4
n. gen. Ischioceratops n. sp. zhuchengensis,species,,Ischioceratops_zhuchengensis,species,Campanian,,83.6,72.1
Jaxartosaurus n. sp. aralensis,species,,Jaxartosaurus_aralensis,species,Coniacian,Santonian,89.8,83.6
n. gen. Jeholosaurus n. sp. shangyuanensis,species,,Jeholosaurus_shangyuanensis,species,Early Aptian,,125.45,122.46
n. gen. Jeyawati n. sp. rugoculus,species,,Jeyawati_rugoculus,species,Middle Turonian,,93.5,89.3
n. gen. Jiangjunosaurus n. sp. junggarensis,species,,Jiangjunosaurus_junggarensis,species,Oxfordian,,163.5,157.3
n. gen. Jiayinosauropus n. sp. johnsoni,species,,Jiayinosauropus_johnsoni,species,Cenomanian,,100.5,93.9
n. gen. Jintasaurus n. sp. meniscus,species,,Jintasaurus_meniscus,species,Aptian,Albian,125,100.5
n. gen. Jinyunpelta n. sp. sinensis,species,,Jinyunpelta_sinensis,species,Albian,,113,100.5
n. gen. Jinzhousaurus n. sp. yangi,species,,Jinzhousaurus_yangi,species,Early Aptian,,125.45,122.46
n. gen. Judiceratops n. sp. tigris,species,,Judiceratops_tigris,species,Middle Campanian,,83.5,70.6
n. gen. Kangnasaurus n. sp. coetzeei,species,,Kangnasaurus_coetzeei,species,Late Cretaceous,,100.5,66
Procheneosaurus n. sp. convincens,species,recombined as,Kazaklambia_convincens,species,Coniacian,Santonian,89.8,83.6
Kentrosaurus aethiopicus,species,,Kentrosaurus_aethiopicus,species,Tithonian,,152.1,145
n. gen. Kerberosaurus n. sp. manakini,species,,Kerberosaurus_manakini,species,Late Maastrichtian,,70.6,66
n. gen. Komlosaurus n. sp. carbonis,species,,Komlosaurus_carbonis,species,Early Sinemurian,,196.5,189.6
n. gen. Koreaceratops n. sp. hwaseongensis,species,,Koreaceratops_hwaseongensis,species,Albian,,113,100.5
Koreanosaurus boseongensis,species,,Koreanosaurus_boseongensis,species,Santonian,Campanian,86.3,72.1
n. gen. Koshisaurus n. sp. katsuyama,species,,Koshisaurus_katsuyama,species,Late Barremian,Aptian,130,113
n. gen. Kosmoceratops n. sp. richardsoni,species,,Kosmoceratops_richardsoni,species,Late Campanian,,83.5,70.6
n. gen. Kritosaurus n. sp. navajovius,species,,Kritosaurus_navajovius,species,Late Campanian,,83.5,70.6
n. gen. Kulindadromeus n. sp. zabaikalicus,species,,Kulindadromeus_zabaikalicus,species,Late Bathonian,Late Jurassic,167.7,145
n. gen. Kulindapteryx n. sp. ukureica,species,,Kulindapteryx_ukureica,species,Late Bathonian,Late Jurassic,167.7,145
n. gen. Kunbarrasaurus n. sp. ieversi,species,,Kunbarrasaurus_ieversi,species,Late Albian,Early Cenomanian,105.3,93.5
n. gen. Kundurosaurus n. sp. nagornyi,species,,Kundurosaurus_nagornyi,species,Late Maastrichtian,,70.6,66
n. gen. Laiyangosaurus n. sp. youngi,species,,Laiyangosaurus_youngi,species,Campanian,,83.6,72.1
n. gen. Lamaceratops n. sp. tereschenkoi,species,,Lamaceratops_tereschenkoi,species,Campanian,,83.6,72.1
Lambeosaurus clavinitialis,species,,Lambeosaurus_clavinitialis,species,Campanian,,83.6,72.1
n. gen. Tetragonosaurus n. sp. praeceps,species,subjective synonym of,Lambeosaurus_lambei,species,Late Campanian,,83.5,70.6
Lambeosaurus n. sp. magnicristatum,species,corrected to,Lambeosaurus_magnicristatus,species,Late Campanian,,83.5,70.6
n. gen. Lanzhousaurus n. sp. magnidens,species,,Lanzhousaurus_magnidens,species,Barremian,,129.4,125
n. gen. Lapampasaurus n. sp. cholinoi,species,,Lapampasaurus_cholinoi,species,Late Campanian,Early Maastrichtian,83.5,66
n. gen. Laquintasaura n. sp. venezuelae,species,,Laquintasaura_venezuelae,species,Early Hettangian,,201.3,196.5
n. gen. Latirhinus n. sp. uitstlani,species,,Latirhinus_uitstlani,species,Late Campanian,,83.5,70.6
Leaellynasaura amicagraphica,species,,Leaellynasaura_amicagraphica,species,Late Aptian,Early Albian,122.46,109
Leptoceratops gracilis,species,,Leptoceratops_gracilis,species,Maastrichtian,,72.1,66
n. gen. Lesothosaurus n. sp. diagnosticus,species,,Lesothosaurus_diagnosticus,species,Hettangian,Sinemurian,201.3,190.8
Levnesovia transoxiana,species,,Levnesovia_transoxiana,species,Middle Turonian,Late Turonian,93.5,89.3
Iguanodon n. sp. phillipsii,species,recombined as,Lexovisaurus_phillipsi,species,Oxfordian,,163.5,157.3
n. gen. Liaoceratops n. sp. yanzigouensis,species,,Liaoceratops_yanzigouensis,species,Early Aptian,,125.45,122.46
n. gen. Liaoningosaurus n. sp. paradoxus,species,,Liaoningosaurus_paradoxus,species,Late Barremian,Early Aptian,130,122.46
n. gen. Ligabueichnium n. sp. bolivianum,species,,Ligabueichnium_bolivianum,species,Late Campanian,,83.5,70.6
Limayichnus major,species,,Limayichnus_major,species,Early Cenomanian,,99.6,93.5
n. gen. Lophorhothon n. sp. atopus,species,,Lophorhothon_atopus,species,Early Campanian,,83.5,70.6
Stegosaurus n. sp. priscus,species,recombined as,Loricatosaurus_priscus,species,Middle Callovian,,164.7,161.2
n. gen. Luluichnus n. sp. mueckei,species,,Luluichnus_mueckei,species,Valanginian,Barremian,139.8,125
n. gen. Lurdusaurus n. sp. arenatus,species,,Lurdusaurus_arenatus,species,Albian,,113,100.5
n. gen. Lycorhinus n. sp. angustidens,species,,Lycorhinus_angustidens,species,Hettangian,Sinemurian,201.3,190.8
n. gen. Machairoceratops n. sp. cronusi,species,,Machairoceratops_cronusi,species,Middle Campanian,,83.5,70.6
n. gen. Macrogryphosaurus n. sp. gondwanicus,species,,Macrogryphosaurus_gondwanicus,species,Middle Coniacian,Late Coniacian,89.3,85.8
Magnapaulia laticaudus,species,,Magnapaulia_laticaudus,species,Late Campanian,,83.5,70.6
Magnirostris dodsoni,species,,Magnirostris_dodsoni,species,Campanian,,83.6,72.1
cf. Maiasaura peeblesorum,species,,Maiasaura_peeblesorum,species,Campanian,,83.6,72.1
Trachodon n. sp. amurense,species,recombined as,Mandschurosaurus_amurensis,species,Late Maastrichtian,,70.6,66
n. gen. Manidens n. sp. condorensis,species,,Manidens_condorensis,species,Late Toarcian,Early Bajocian,180.1,168.4
Iguanodon n. sp. atherfieldensis,species,recombined as,Mantellisaurus_atherfieldensis,species,Late Hauterivian,Early Aptian,136.4,122.46
n. gen. Medusaceratops n. sp. lokii,species,,Medusaceratops_lokii,species,Middle Campanian,,83.5,70.6
n. gen. Mercuriceratops n. sp. gemini,species,,Mercuriceratops_gemini,species,Late Campanian,,83.5,70.6
Metatetrapous n. sp. valdensis,species,,Metatetrapous_valdensis,species,Late Berriasian,,145,140.2
n. gen. Micropachycephalosaurus n. sp. hongtuyanensis,species,,Micropachycephalosaurus_hongtuyanensis,species,Campanian,,83.6,72.1
n. gen. Minmi n. sp. paravertebrata,species,,Minmi_paravertebrata,species,Valanginian,Barremian,139.8,125
n. gen. Miragaia n. sp. longicollum,species,,Miragaia_longicollum,species,Late Kimmeridgian,Early Tithonian,155.7,145
Mochlodon n. sp. vorosi,species,,Mochlodon_vorosi,species,Santonian,,86.3,83.6
n. gen. Mongolostegus n. sp. exspectabilis,species,,Mongolostegus_exspectabilis,species,Aptian,Albian,125,100.5
Monoclonius lowei,species,subjective synonym of,Monoclonius_crassus,species,Late Campanian,,83.5,70.6
Montanoceratops cerorhynchus,species,,Montanoceratops_cerorhynchus,species,Early Maastrichtian,,70.6,66
n. gen. Morelladon n. sp. beltrani,species,,Morelladon_beltrani,species,Early Aptian,,125.45,122.46
n. gen. Morrosaurus n. sp. antarcticus,species,,Morrosaurus_antarcticus,species,Early Maastrichtian,,70.6,66
n. gen. Mosaiceratops n. sp. azumai,species,,Mosaiceratops_azumai,species,Early Turonian,Middle Campanian,93.5,70.6
Moyenisauropus karaszevskii,species,,Moyenisauropus_karaszevskii,species,Early Hettangian,,201.3,196.5
n. gen. Muttaburrasaurus n. sp. langdoni,species,,Muttaburrasaurus_langdoni,species,Late Albian,,105.3,99.6
Mymoorapelta maysi,species,,Mymoorapelta_maysi,species,Kimmeridgian,Tithonian,157.3,145
n. gen. Naashoibitosaurus n. sp. ostromi,species,,Naashoibitosaurus_ostromi,species,Late Campanian,,83.5,70.6
n. gen. Nanningosaurus n. sp. dashiensis,species,,Nanningosaurus_dashiensis,species,Late Cretaceous,,100.5,66
n. gen. Nanosaurus n. sp. agilis,species,,Nanosaurus_agilis,species,Kimmeridgian,Tithonian,157.3,145
n. gen. Nanyangosaurus n. sp. zhugeii,species,,Nanyangosaurus_zhugeii,species,Early Turonian,Middle Campanian,93.5,70.6
n. gen. Nasutoceratops n. sp. titusi,species,,Nasutoceratops_titusi,species,Late Campanian,,83.5,70.6
n. gen. Neoanomoepus n. sp. perigrinatus,species,,Neoanomoepus_perigrinatus,species,Tithonian,Berriasian,152.1,139.8
Niobrarasaurus coleii,species,,Niobrarasaurus_coleii,species,Middle Santonian,,85.8,83.5
n. gen. Nipponosaurus n. sp. sachalinensis,species,,Nipponosaurus_sachalinensis,species,Late Santonian,Early Campanian,85.8,70.6
Nodocephalosaurus kirtlandensis,species,,Nodocephalosaurus_kirtlandensis,species,Late Campanian,,83.5,70.6
n. gen. Nodosaurus n. sp. textilis,species,,Nodosaurus_textilis,species,Middle Cenomanian,,99.6,93.5
n. gen. Notohypsilophodon n. sp. comodorensis,species,,Notohypsilophodon_comodorensis,species,Late Cenomanian,Early Turonian,99.6,89.3
Ojoceratops fowleri,species,,Ojoceratops_fowleri,species,Maastrichtian,,72.1,66
n. gen. Olorotitan n. sp. arharensis,species,,Olorotitan_arharensis,species,Late Maastrichtian,,70.6,66
n. gen. Oohkotokia n. sp. horneri,species,,Oohkotokia_horneri,species,Late Campanian,,83.5,70.6
n. gen. Orcauichnites n. sp. garumniensis,species,,Orcauichnites_garumniensis,species,Early Maastrichtian,,70.6,66
n. gen. Ornithopodichnites n. sp. magna,species,,Ornithopodichnites_magna,species,Early Maastrichtian,,70.6,66
n. gen. Ornithopodichnus n. sp. masanensis,species,,Ornithopodichnus_masanensis,species,Albian,,113,100.5
Orodromeus cf. makelai,species,,Orodromeus_makelai,species,Campanian,,83.6,72.1
n. gen. Oryctodromeus n. sp. cubicularis,species,,Oryctodromeus_cubicularis,species,Cenomanian,,100.5,93.9
Camptosaurus n. sp. depressus,species,recombined as,Osmakasaurus_depressus,species,Barremian,,129.4,125
Othnielosaurus consors,species,,Othnielosaurus_consors,species,Kimmeridgian,Tithonian,157.3,145
n. gen. Ouranosaurus n. sp. nigeriensis,species,,Ouranosaurus_nigeriensis,species,Albian,,113,100.5
Ovaloolithus chinkangkouensis,species,,Ovaloolithus_chinkangkouensis,species,Campanian,,83.6,72.1
Oolithes laminadermus,species,recombined as,Ovaloolithus_laminadermus,species,Campanian,,83.6,72.1
Ovaloolithus n. sp. tenuisus,species,,Ovaloolithus_tenuisus,species,Maastrichtian,,72.1,66
Ovaloolithus n. sp. turpanensis,species,,Ovaloolithus_turpanensis,species,Campanian,Maastrichtian,83.6,66
Ovaloolithus n. sp. utahensis,species,,Ovaloolithus_utahensis,species,Maastrichtian,,72.1,66
n. gen. Stenotholus n. sp. kohleri,species,subjective synonym of,Pachycephalosaurus_wyomingensis,species,Maastrichtian,,72.1,66
Pachyrhinosaurus canadensis,species,,Pachyrhinosaurus_canadensis,species,Late Campanian,Early Maastrichtian,83.5,66
Pachyrhinosaurus n. sp. lakustai,species,,Pachyrhinosaurus_lakustai,species,Late Campanian,,83.5,70.6
Pachyrhinosaurus n. sp. perotorum,species,,Pachyrhinosaurus_perotorum,species,Late Maastrichtian,,70.6,66
n. gen. Panoplosaurus n. sp. mirus,species,,Panoplosaurus_mirus,species,Late Campanian,,83.5,70.6
n. gen. Paranthodon n. sp. owenii,species,"misspelling of, subjective synonym of",Paranthodon_africanus,species,Berriasian,Early Valanginian,145,136.4
Pararhabdodon isonensis,species,,Pararhabdodon_isonensis,species,Early Maastrichtian,,70.6,66
Parasaurolophus cyrtocristatus,species,,Parasaurolophus_cyrtocristatus,species,Late Campanian,,83.5,70.6
Parasaurolophus tubicen,species,,Parasaurolophus_tubicen,species,Late Campanian,,83.5,70.6
Paraspheroolithes irenensis,species,"misspelling of, recombined as",Paraspheroolithus_irenensis,species,Late Campanian,,83.5,70.6
Pareisactus evrostos,species,,Pareisactus_evrostos,species,Early Maastrichtian,,70.6,66
Parksosaurus warreni,species,,Parksosaurus_warreni,species,Early Maastrichtian,,70.6,66
n. gen. Pawpawsaurus n. sp. campbelli,species,,Pawpawsaurus_campbelli,species,Late Albian,,105.3,99.6
n. gen. Pegomastax n. sp. africanus,species,,Pegomastax_africanus,species,Hettangian,Sinemurian,201.3,190.8
n. gen. Peloroplites n. sp. cedrimontanus,species,,Peloroplites_cedrimontanus,species,Late Aptian,Early Albian,122.46,109
n. gen. Penelopognathus n. sp. weishampeli,species,,Penelopognathus_weishampeli,species,Aptian,,125,113
Pentaceratops sternbergii,species,,Pentaceratops_sternbergii,species,Late Campanian,,83.5,70.6
Pinacosaurus cf. grangeri,species,,Pinacosaurus_grangeri,species,Campanian,,83.6,72.1
Pinacosaurus n. sp. mephistocephalus,species,,Pinacosaurus_mephistocephalus,species,Campanian,,83.6,72.1
n. gen. Pisanosaurus n. sp. mertii,species,,Pisanosaurus_mertii,species,Carnian,,237,228
n. gen. Planicoxa n. sp. venenica,species,,Planicoxa_venenica,species,Barremian,,129.4,125
n. gen. Platyceratops n. sp. tatarinovi,species,,Platyceratops_tatarinovi,species,Campanian,,83.6,72.1
Platypelta coombsi,species,,Platypelta_coombsi,species,Late Campanian,,83.5,70.6
n. gen. Plesiohadros n. sp. djadokhtaensis,species,,Plesiohadros_djadokhtaensis,species,Late Santonian,Late Campanian,85.8,70.6
Polacanthus foxii,species,,Polacanthus_foxii,species,Late Barremian,Early Aptian,130,122.46
Polacanthus n. sp. rudgwickensis,species,,Polacanthus_rudgwickensis,species,Late Hauterivian,Early Barremian,136.4,125.45
n. gen. Prenocephale n. sp. prenes,species,,Prenocephale_prenes,species,Campanian,Maastrichtian,83.6,66
n. gen. Prenoceratops n. sp. pieganensis,species,,Prenoceratops_pieganensis,species,Campanian,,83.6,72.1
n. gen. Proa n. sp. valdearinnoensis,species,,Proa_valdearinnoensis,species,Early Albian,,112.03,109
Probactrosaurus n. sp. alashanicus,species,subjective synonym of,Probactrosaurus_gobiensis,species,Barremian,Albian,129.4,100.5
n. gen. Probrachylophosaurus n. sp. bergei,species,,Probrachylophosaurus_bergei,species,Campanian,,83.6,72.1
n. gen. Propanoplosaurus n. sp. marylandicus,species,,Propanoplosaurus_marylandicus,species,Early Aptian,,125.45,122.46
n. gen. Proplanicoxa n. sp. galtoni,species,,Proplanicoxa_galtoni,species,Late Hauterivian,Early Barremian,136.4,125.45
Prosaurolophus blackfeetensis,species,,Prosaurolophus_blackfeetensis,species,Campanian,,83.6,72.1
Prosaurolophus maximus,species,,Prosaurolophus_maximus,species,Late Campanian,,83.5,70.6
Protoceratops andrewsi,species,,Protoceratops_andrewsi,species,Late Campanian,,83.5,70.6
Protoceratops n. sp. hellenikorhinus,species,,Protoceratops_hellenikorhinus,species,Campanian,,83.6,72.1
n. gen. Protohadros n. sp. byrdi,species,,Protohadros_byrdi,species,Middle Cenomanian,,99.6,93.5
Psittacosaurus n. sp. gobiensis,species,,Psittacosaurus_gobiensis,species,Aptian,,125,113
Psittacosaurus lujiatunensis,species,,Psittacosaurus_lujiatunensis,species,Early Aptian,,125.45,122.46
Psittacosaurus n. sp. major,species,,Psittacosaurus_major,species,Late Barremian,Early Aptian,130,122.46
Psittacosaurus meileyingensis,species,,Psittacosaurus_meileyingensis,species,Aptian,,125,113
Psittacosaurus mongoliensis,species,,Psittacosaurus_mongoliensis,species,Early Cretaceous,,145,100.5
Psittacosaurus n. sp. neimongoliensis,species,,Psittacosaurus_neimongoliensis,species,Valanginian,Albian,139.8,100.5
Psittacosaurus sibiricus,species,,Psittacosaurus_sibiricus,species,Barremian,Aptian,129.4,113
Psittacosaurus n. sp. sinensis,species,,Psittacosaurus_sinensis,species,Aptian,,125,113
Psittacosaurus n. sp. xinjiangensis,species,,Psittacosaurus_xinjiangensis,species,Early Cretaceous,,145,100.5
n. gen. Qantassaurus n. sp. intrepidus,species,,Qantassaurus_intrepidus,species,Late Aptian,,122.46,112.03
n. gen. Ratchasimasaurus n. sp. suranareae,species,,Ratchasimasaurus_suranareae,species,Aptian,,125,113
n. gen. Regaliceratops n. sp. peterhewsi,species,,Regaliceratops_peterhewsi,species,Maastrichtian,,72.1,66
cf. Rhabdodon priscus,species,,Rhabdodon_priscus,species,Early Campanian,,83.5,70.6
Rhabdodon n. sp. septimanicus,species,,Rhabdodon_septimanicus,species,Early Maastrichtian,,70.6,66
Mochlodon suessi,species,recombined as,Rhabdodon_suessii,species,Maastrichtian,,72.1,66
n. gen. Rhinorex n. sp. condrupus,species,,Rhinorex_condrupus,species,Campanian,,83.6,72.1
Orthomerus n. sp. weberi,species,recombined as,Riabininohadros_weberi,species,Late Maastrichtian,,70.6,66
Styracosaurus n. sp. ovatus,species,recombined as,Rubeosaurus_ovatus,species,Campanian,,83.6,72.1
Rubeosaurus ovatus,species,,Rubeosaurus_ovatus,species,Campanian,,83.6,72.1
n. gen. Sahaliyania n. sp. elunchunorum,species,,Sahaliyania_elunchunorum,species,Late Maastrichtian,,70.6,66
n. gen. Saichania n. sp. chulsanensis,species,,Saichania_chulsanensis,species,Campanian,,83.6,72.1
Sarcolestes leedsi,species,,Sarcolestes_leedsi,species,Middle Callovian,,164.7,161.2
Saurolophus angustirostris,species,,Saurolophus_angustirostris,species,Campanian,Maastrichtian,83.6,66
Sauropelta edwardsi,species,corrected to,Sauropelta_edwardsorum,species,Albian,,113,100.5
Scelidosaurus harrisonii,species,,Scelidosaurus_harrisonii,species,Sinemurian,,199.3,190.8
n. gen. Scolosaurus n. sp. cutleri,species,,Scolosaurus_cutleri,species,Middle Campanian,Late Campanian,83.5,70.6
Scolosaurus n. sp. thronus,species,,Scolosaurus_thronus,species,Campanian,,83.6,66
n. gen. Scutellosaurus n. sp. lawleri,species,,Scutellosaurus_lawleri,species,Sinemurian,Pliensbachian,199.3,182.7
Kritosaurus n. sp. australis,species,subjective synonym of,Secernosaurus_koerneri,species,Campanian,Early Maastrichtian,83.6,66
n. gen. Serendipaceratops n. sp. arthurcclarkei,species,,Serendipaceratops_arthurcclarkei,species,Late Aptian,,122.46,112.03
Shamosaurus scutatus,species,,Shamosaurus_scutatus,species,Aptian,Albian,125,100.5
Shantungosaurus cf. giganteus,species,,Shantungosaurus_giganteus,species,Maastrichtian,,72.1,66
n. gen. Shenmuichnus n. sp. youngteilhardorum,species,,Shenmuichnus_youngteilhardorum,species,Early Jurassic,,201.3,174.1
Shixingoolithus erbeni,species,,Shixingoolithus_erbeni,species,Maastrichtian,,72.1,66
n. gen. Shuangmiaosaurus n. sp. gilmorei,species,,Shuangmiaosaurus_gilmorei,species,Late Albian,,105.3,99.6
Siamodon n. sp. nimngami,species,,Siamodon_nimngami,species,Barremian,Aptian,129.4,113
n. gen. Silvisaurus n. sp. condrayi,species,,Silvisaurus_condrayi,species,Albian,,113,100.5
n. gen. Sinoceratops n. sp. zhuchengensis,species,,Sinoceratops_zhuchengensis,species,Campanian,,83.6,72.1
n. gen. Sirindhorna n. sp. khoratensis,species,,Sirindhorna_khoratensis,species,Aptian,,125,113
Sousaichnium n. sp. monettae,species,,Sousaichnium_monettae,species,Early Cenomanian,,99.6,93.5
n. gen. Sousaichnium n. sp. pricei,species,,Sousaichnium_pricei,species,Berriasian,Hauterivian,145,129.4
Stegoceras brevis,species,recombined as,Sphaerotholus_brevis,species,Late Campanian,,83.5,70.6
Sphaerotholus n. sp. buchholtzae,species,,Sphaerotholus_buchholtzae,species,Maastrichtian,,72.1,66
Troodon n. sp. edmontonensis,species,recombined as,Sphaerotholus_edmontonense,species,Late Campanian,Maastrichtian,83.5,66
n. gen. Sphaerotholus n. sp. goodwini,species,,Sphaerotholus_goodwini,species,Late Campanian,,83.5,70.6
Spheroolithus choteauensis,species,,Spheroolithus_choteauensis,species,Early Campanian,,83.5,70.6
Spheroolithus maiasauroides,species,,Spheroolithus_maiasauroides,species,Judithian,,83.5,70.6
Spheroolithus megadermus,species,,Spheroolithus_megadermus,species,Late Cretaceous,,100.5,66
Spheroolithus spheroides,species,,Spheroolithus_spheroides,species,Late Cretaceous,,100.5,66
n. gen. Spiclypeus n. sp. shipporum,species,,Spiclypeus_shipporum,species,Late Campanian,,83.5,70.6
n. gen. Spinops n. sp. sternbergorum,species,,Spinops_sternbergorum,species,Middle Campanian,,83.5,70.6
aff. Staurichnium diogenis,species,,Staurichnium_diogenis,species,Berriasian,Early Barremian,145,125.45
Stegoceras novomexicanum,species,,Stegoceras_novomexicanum,species,Late Campanian,,83.5,70.6
Stegoceras ? validus,species,corrected to,Stegoceras_validum,species,Middle Campanian,Late Campanian,83.5,70.6
n. gen. Stegopelta n. sp. landerensis,species,,Stegopelta_landerensis,species,Late Albian,Early Cenomanian,105.3,93.5
n. gen. Stegopodus n. sp. czerkasi,species,,Stegopodus_czerkasi,species,Late Oxfordian,Kimmeridgian,161.2,152.1
Stegosaurus stenops,species,,Stegosaurus_stenops,species,Kimmeridgian,Tithonian,157.3,145
Stegosaurus ungulatus,species,,Stegosaurus_ungulatus,species,Kimmeridgian,Tithonian,157.3,145
n. gen. Stenopelix n. sp. valdensis,species,,Stenopelix_valdensis,species,Berriasian,,145,139.8
n. gen. Stormbergia n. sp. dangershoeki,species,,Stormbergia_dangershoeki,species,Hettangian,Sinemurian,201.3,190.8
cf. Struthiosaurus austriacus,species,,Struthiosaurus_austriacus,species,Late Campanian,,83.5,70.6
Struthiosaurus n. sp. languedocensis,species,,Struthiosaurus_languedocensis,species,Early Campanian,,83.5,70.6
Struthiosaurus transylvanicus,species,,Struthiosaurus_transylvanicus,species,Early Maastrichtian,,70.6,66
n. gen. Struthopus n. sp. schaumburgensis,species,,Struthopus_schaumburgensis,species,Late Berriasian,,145,140.2
Monoclonius n. sp. nasicornus,species,subjective synonym of,Styracosaurus_albertensis,species,Late Campanian,,83.5,70.6
n. gen. Tacuaremborum n. sp. oblongum,species,,Tacuaremborum_oblongum,species,Senonian,,89.3,66
Talarurus plicatospineus,species,,Talarurus_plicatospineus,species,Cenomanian,Turonian,100.5,89.8
n. gen. Talenkauen n. sp. santacrucensis,species,,Talenkauen_santacrucensis,species,Early Maastrichtian,,70.6,66
Tanius sinensis,species,,Tanius_sinensis,species,Campanian,,83.6,72.1
n. gen. Taohelong n. sp. jinchengensis,species,,Taohelong_jinchengensis,species,Early Cretaceous,,145,100.5
n. gen. Taponichnus n. sp. donottoi,species,,Taponichnus_donottoi,species,Maastrichtian,,72.1,66
Tarchia gigantea,species,,Tarchia_gigantea,species,Campanian,Maastrichtian,83.6,66
Tarchia n. sp. kielanae,species,,Tarchia_kielanae,species,Campanian,,83.6,72.1
Tarchia n. sp. teresae,species,,Tarchia_teresae,species,Maastrichtian,,72.1,66
n. gen. Tatankacephalus n. sp. cooneyorum,species,,Tatankacephalus_cooneyorum,species,Albian,,113,100.5
n. gen. Tatankaceratops n. sp. sacrisonorum,species,,Tatankaceratops_sacrisonorum,species,Late Maastrichtian,,70.6,66
Orthomerus transylvanicus,species,recombined as,Telmatosaurus_transsylvanicus,species,Maastrichtian,,72.1,66
n. gen. Telosichnus n. sp. saltensis,species,,Telosichnus_saltensis,species,Maastrichtian,,72.1,66
Tenontosaurus n. sp. dossi,species,,Tenontosaurus_dossi,species,Late Aptian,,122.46,112.03
Tenontosaurus tilletti,species,,Tenontosaurus_tilletti,species,Albian,,113,100.5
n. gen. Tethyshadros n. sp. insularis,species,,Tethyshadros_insularis,species,Late Campanian,Early Maastrichtian,83.5,66
n. gen. Tetrapodosaurus n. sp. borealis,species,,Tetrapodosaurus_borealis,species,Albian,,113,100.5
n. gen. Texasetes n. sp. pleurohalio,species,,Texasetes_pleurohalio,species,Late Albian,,105.3,99.6
n. gen. Theiophytalia n. sp. kerri,species,,Theiophytalia_kerri,species,Aptian,Albian,125,100.5
Thescelosaurus assiniboiensis,species,,Thescelosaurus_assiniboiensis,species,Late Maastrichtian,,70.6,66
Thescelosaurus n. sp. edmontonensis,species,,Thescelosaurus_edmontonensis,species,Late Maastrichtian,,70.6,66
Thescelosaurus ? n. sp. garbanii,species,,Thescelosaurus_garbanii,species,Late Maastrichtian,,70.6,66
Thescelosaurus neglectus,species,,Thescelosaurus_neglectus,species,Maastrichtian,,72.1,66
n. gen. Tianchiasaurus n. sp. nedegoapeferima,species,recombined as,Tianchisaurus_nedegoapeferima,species,Middle Jurassic,,174.1,163.5
n. gen. Tianyulong n. sp. confuciusi,species,,Tianyulong_confuciusi,species,Late Bathonian,Early Kimmeridgian,167.7,150.8
n. gen. Tianzhenosaurus n. sp. youngi,species,,Tianzhenosaurus_youngi,species,Cenomanian,Campanian,100.5,72.1
n. gen. Titanoceratops n. sp. ouranos,species,,Titanoceratops_ouranos,species,Late Campanian,,83.5,70.6
Torosaurus latus,species,,Torosaurus_latus,species,Maastrichtian,,72.1,66
Ceratops n. sp. horridus,species,recombined as,Triceratops_horridus,species,Maastrichtian,,72.1,66
Triceratops prorsus,species,,Triceratops_prorsus,species,Maastrichtian,,72.1,66
Arrhinoceratops ? n. sp. utahensis,species,recombined as,Triceratops_utahensis,species,Maastrichtian,,72.1,66
n. gen. Tridigitichnus n. sp. inopinatus,species,,Tridigitichnus_inopinatus,species,Late Maastrichtian,,70.6,66
n. gen. Trinisaura n. sp. santamartaensis,species,,Trinisaura_santamartaensis,species,Late Campanian,,83.5,70.6
n. gen. Tsagantegia n. sp. longicranialis,species,,Tsagantegia_longicranialis,species,Cenomanian,Turonian,100.5,89.8
Tanius n. sp. laiyangensis,species,subjective synonym of,Tsintaosaurus_spinorhinus,species,Campanian,,83.6,72.1
n. gen. Tuojiangosaurus n. sp. multispinus,species,,Tuojiangosaurus_multispinus,species,Oxfordian,,163.5,157.3
Turanoceratops tardabilis,species,,Turanoceratops_tardabilis,species,Middle Turonian,Late Turonian,93.5,89.3
n. gen. Tylocephale n. sp. gilmorei,species,,Tylocephale_gilmorei,species,Campanian,,83.6,72.1
Udanoceratops aff. tschizhovi,species,,Udanoceratops_tschizhovi,species,Campanian,,83.6,72.1
n. gen. Udanoceratops n. sp. tschizhovi,species,,Udanoceratops_tschizhovi,species,Campanian,,83.6,72.1
n. gen. Ugrunaaluk n. sp. kuukpikensis,species,,Ugrunaaluk_kuukpikensis,species,Early Maastrichtian,,70.6,66
n. gen. Unescoceratops n. sp. koppelhusae,species,,Unescoceratops_koppelhusae,species,Middle Campanian,,83.5,70.6
n. gen. Utahceratops n. sp. gettyi,species,,Utahceratops_gettyi,species,Late Campanian,,83.5,70.6
Camptosaurus n. sp. aphanoecetes,species,recombined as,Uteodon_aphanoecetes,species,Early Tithonian,,150.8,145
Chasmosaurus irvinensis,species,recombined as,Vagaceratops_irvinensis,species,Late Campanian,,83.5,70.6
Dryosaurus ? canaliculatus,species,recombined as,Valdosaurus_canaliculatus,species,Late Hauterivian,Barremian,136.4,125
n. gen. Velafrons n. sp. coahuilensis,species,,Velafrons_coahuilensis,species,Late Campanian,,83.5,70.6
Walmadanyichnus hunteri,species,,Walmadanyichnus_hunteri,species,Valanginian,Barremian,139.8,125
n. gen. Wannanosaurus n. sp. yansiensis,species,,Wannanosaurus_yansiensis,species,Early Maastrichtian,,70.6,66
n. gen. Wealdenichnites n. sp. iguanodontoides,species,,Wealdenichnites_iguanodontoides,species,Late Berriasian,,145,140.2
n. gen. Wendiceratops n. sp. pinhornensis,species,,Wendiceratops_pinhornensis,species,Middle Campanian,,83.5,70.6
n. gen. Wintonopus n. sp. latomorum,species,,Wintonopus_latomorum,species,Early Cenomanian,,99.6,93.5
Wintonopus n. sp. middletonae,species,,Wintonopus_middletonae,species,Valanginian,Barremian,139.8,125
Wuerhosaurus homheni,species,,Wuerhosaurus_homheni,species,Late Aptian,Albian,122.46,100.5
n. gen. Wulagasaurus n. sp. dongi,species,,Wulagasaurus_dongi,species,Late Maastrichtian,,70.6,66
n. gen. Xenoceratops n. sp. foremostensis,species,,Xenoceratops_foremostensis,species,Middle Campanian,,83.5,70.6
n. gen. Xiaosaurus n. sp. dashanpensis,species,,Xiaosaurus_dashanpensis,species,Bajocian,Callovian,170.3,163.5
n. gen. Xuanhuaceratops n. sp. niei,species,,Xuanhuaceratops_niei,species,Late Jurassic,,163.5,145
n. gen. Xuwulong n. sp. yueluni,species,,Xuwulong_yueluni,species,Aptian,Albian,125,100.5
n. gen. Yamaceratops n. sp. dorngobiensis,species,,Yamaceratops_dorngobiensis,species,Santonian,,86.3,83.6
n. gen. Yandusaurus n. sp. hongheensis,species,,Yandusaurus_hongheensis,species,Oxfordian,,163.5,157.3
n. gen. Yehuecauhceratops n. sp. mudei,species,,Yehuecauhceratops_mudei,species,Campanian,,83.6,72.1
n. gen. Yingshanosaurus n. sp. jichuanensis,species,,Yingshanosaurus_jichuanensis,species,Oxfordian,,163.5,157.3
n. gen. Yinlong n. sp. downsi,species,,Yinlong_downsi,species,Oxfordian,,163.5,157.3
n. gen. Yueosaurus n. sp. tiantaiensis,species,,Yueosaurus_tiantaiensis,species,Albian,Cenomanian,113,93.9
n. gen. Yunganglong n. sp. datongensis,species,,Yunganglong_datongensis,species,Cenomanian,Santonian,100.5,83.6
Rhabdodon robustus,species,recombined as,Zalmoxes_robustus,species,Late Maastrichtian,,70.6,66
Zalmoxes shqiperorum,species,,Zalmoxes_shqiperorum,species,Early Maastrichtian,,70.6,66
n. gen. Zaraapelta n. sp. nomadis,species,,Zaraapelta_nomadis,species,Cenomanian,Santonian,100.5,83.6
n. gen. Zephyrosaurus n. sp. schaffi,species,,Zephyrosaurus_schaffi,species,Albian,,113,100.5
n. gen. Zhanghenglong n. sp. yangchengensis,species,,Zhanghenglong_yangchengensis,species,Santonian,,86.3,83.6
n. gen. Zhejiangosaurus n. sp. lishuiensis,species,,Zhejiangosaurus_lishuiensis,species,Cenomanian,,100.5,93.9
n. gen. Zhongyuangosaurus n. sp. luoyangensis,species,,Zhongyuangosaurus_luoyangensis,species,Cenomanian,Turonian,100.5,89.8
n. gen. Zhuchengceratops n. sp. inexpectus,species,,Zhuchengceratops_inexpectus,species,Campanian,,83.6,72.1
n. gen. Zhuchengosaurus n. sp. maximus,species,,Zhuchengosaurus_maximus,species,Campanian,,83.6,72.1
n. gen. Ziapelta n. sp. sanjuanensis,species,,Ziapelta_sanjuanensis,species,Late Campanian,,83.5,70.6
Zuniceratops christopheri,species,,Zuniceratops_christopheri,species,Middle Turonian,,93.5,89.3
n. gen. Zuoyunlong n. sp. huangi,species,,Zuoyunlong_huangi,species,Cenomanian,Santonian,100.5,83.6
n. gen. Zuul n. sp. crurivastator,species,,Zuul_crurivastator,species,Late Campanian,,83.5,70.6